Model,AUC,F1,Rank
SVM,0.9994666666666667,0.9879983993597439,1
Random Forest,0.9994666666666667,0.9941176470588236,2
Gradient Boosting,0.9994666666666667,0.9919983993597439,3
CatBoost,0.9992000000000001,0.9900360144057622,4
Logistic Regression,0.9989333333333335,0.9897909163665467,5
XGBoost,0.9989333333333335,0.9899575830332132,6
K-Nearest Neighbors,0.9930666666666668,0.9755034013605443,7
Naive Bayes,0.9798666666666668,0.9480166071979207,8
Decision Tree,0.9746666666666668,0.9798351340536214,9
