Model,AUC,F1,Rank
Logistic Regression,0.9997333333333334,0.9937925170068027,1
Random Forest,0.9994666666666667,0.9921568627450981,2
Gradient Boosting,0.9994666666666667,0.9939591836734694,3
SVM,0.9992000000000001,0.9939591836734694,4
CatBoost,0.9992000000000001,0.9900360144057622,5
XGBoost,0.9989333333333335,0.9899575830332132,6
K-Nearest Neighbors,0.9958666666666668,0.9750796063106092,7
Naive Bayes,0.9828000000000001,0.9480166071979207,8
Decision Tree,0.9673333333333334,0.9737076830732292,9
